numero_dpe,adresse_brut,code_postal_ban,etiquette_dpe,surface_habitable_logement,cout_total_5_usages,conso_5_usages_par_m2_ep,date_etablissement_dpe,type_batiment,annee_construction
DPE-00000,0 rue de Paris,75002,A,94.2,1234.68,117.7,2018-07-29,appartement,2001
DPE-00001,1 rue de Paris,75007,A,23.0,1155.91,216.4,2018-02-24,appartement,2016
DPE-00002,2 rue de Paris,75007,B,64.9,1334.57,314.7,2022-04-04,appartement,1958
DPE-00003,3 rue de Paris,75006,C,35.5,3371.64,170.9,2018-07-09,maison,1874
DPE-00004,4 rue de Paris,75006,G,54.4,1293.56,91.7,2020-07-29,appartement,1946
DPE-00005,5 rue de Paris,75002,E,49.3,2385.92,319.1,2020-01-11,appartement,1867
DPE-00006,6 rue de Paris,75001,F,42.8,1368.16,101.5,2019-04-22,appartement,1947
DPE-00007,7 rue de Paris,75005,D,83.6,1594.5,179.9,2019-03-06,maison,2015
DPE-00008,8 rue de Paris,75002,E,83.5,2102.42,146.1,2020-08-04,maison,1919
DPE-00009,9 rue de Paris,75004,F,52.4,2804.94,95.1,2022-08-11,appartement,1930
DPE-00010,10 rue de Paris,75007,C,26.6,3239.41,233.1,2022-01-10,maison,1904
DPE-00011,11 rue de Paris,75008,D,108.5,2428.56,118.6,2018-10-13,appartement,1993
DPE-00012,12 rue de Paris,75005,F,78.5,3193.47,187.8,2019-03-26,appartement,1980
DPE-00013,13 rue de Paris,75008,A,95.6,3083.31,121.3,2018-11-24,maison,2002
DPE-00014,14 rue de Paris,75002,D,58.2,3488.36,222.9,2023-06-12,appartement,1879
DPE-00015,15 rue de Paris,75005,G,84.1,834.66,197.4,2020-07-18,appartement,1917
DPE-00016,16 rue de Paris,75003,E,111.3,3111.56,160.6,2021-08-01,appartement,1889
DPE-00017,17 rue de Paris,75006,G,36.2,3360.5,329.1,2023-02-25,appartement,2003
DPE-00018,18 rue de Paris,75006,D,21.9,3287.3,317.3,2022-08-31,maison,1911
DPE-00019,19 rue de Paris,75001,B,107.8,3340.85,103.1,2020-09-22,appartement,1986
DPE-00020,20 rue de Paris,75003,B,86.0,3340.55,124.6,2020-12-16,maison,1904
DPE-00021,21 rue de Paris,75004,F,51.2,3485.45,255.5,2020-06-16,maison,1880
DPE-00022,22 rue de Paris,75004,B,26.4,563.1,229.6,2021-04-20,appartement,1851
DPE-00023,23 rue de Paris,75002,F,83.1,1186.83,324.5,2022-10-27,maison,1868
DPE-00024,24 rue de Paris,75004,C,86.9,1142.71,115.7,2023-03-31,maison,1912
DPE-00025,25 rue de Paris,75008,G,60.7,782.98,257.9,2019-12-27,maison,1955
DPE-00026,26 rue de Paris,75008,G,92.9,2520.09,345.7,2018-07-21,appartement,1953
DPE-00027,27 rue de Paris,75006,G,106.2,1245.97,131.4,2020-07-07,appartement,1958
DPE-00028,28 rue de Paris,75003,C,66.3,3123.46,100.4,2022-07-13,appartement,1862
DPE-00029,29 rue de Paris,75001,A,112.6,3046.09,124.9,2020-09-21,maison,1904
DPE-00030,30 rue de Paris,75007,A,36.5,506.47,185.4,2023-03-13,maison,1923
DPE-00031,31 rue de Paris,75007,F,115.7,3486.27,230.1,2022-01-11,maison,1889
DPE-00032,32 rue de Paris,75004,C,41.8,675.45,278.6,2018-05-05,maison,1864
DPE-00033,33 rue de Paris,75001,E,67.7,3258.16,223.4,2018-04-27,appartement,1897
DPE-00034,34 rue de Paris,75002,E,26.8,3085.46,189.0,2023-04-13,appartement,1998
DPE-00035,35 rue de Paris,75001,E,28.2,2472.12,232.6,2019-10-10,maison,1902
DPE-00036,36 rue de Paris,75006,B,46.6,892.63,254.3,2020-07-25,maison,1868
DPE-00037,37 rue de Paris,75001,D,82.1,2188.98,107.0,2021-01-06,appartement,1979
DPE-00038,38 rue de Paris,75005,B,113.3,3142.59,317.4,2020-01-27,maison,1890
DPE-00039,39 rue de Paris,75008,G,74.3,1407.55,345.6,2022-07-11,appartement,2020
DPE-00040,40 rue de Paris,75005,F,30.4,3134.38,151.4,2022-12-28,appartement,1991
DPE-00041,41 rue de Paris,75003,C,48.2,1131.89,172.6,2021-11-08,maison,1979
DPE-00042,42 rue de Paris,75008,C,110.5,3038.31,104.9,2020-05-17,maison,1861
DPE-00043,43 rue de Paris,75001,C,97.1,2411.34,150.7,2022-02-27,maison,1991
DPE-00044,44 rue de Paris,75007,E,21.0,725.73,318.4,2023-01-26,appartement,1989
DPE-00045,45 rue de Paris,75001,G,56.9,2157.58,196.0,2018-03-27,maison,1943
DPE-00046,46 rue de Paris,75001,C,41.0,1248.59,107.8,2022-05-17,maison,2008
DPE-00047,47 rue de Paris,75003,B,106.5,3428.62,298.9,2022-12-11,maison,1856
DPE-00048,48 rue de Paris,75003,F,112.4,2847.16,191.2,2021-10-03,appartement,1918
DPE-00049,49 rue de Paris,75003,G,90.1,1647.63,90.5,2020-08-21,appartement,1901
DPE-00050,50 rue de Paris,75008,C,50.5,2886.04,141.5,2018-02-18,appartement,1952
DPE-00051,51 rue de Paris,75006,C,106.4,3400.67,155.4,2021-08-06,maison,1987
DPE-00052,52 rue de Paris,75006,A,31.5,3411.2,128.2,2023-05-26,maison,1859
DPE-00053,53 rue de Paris,75002,E,63.5,2685.64,164.7,2021-05-26,appartement,1948
DPE-00054,54 rue de Paris,75004,C,24.4,1808.17,220.4,2022-07-10,appartement,1943
DPE-00055,55 rue de Paris,75007,A,114.9,3262.31,248.3,2021-09-20,appartement,1926
DPE-00056,56 rue de Paris,75005,F,60.8,1707.2,159.8,2018-09-18,appartement,1957
DPE-00057,57 rue de Paris,75007,F,94.8,1022.08,233.7,2020-04-11,appartement,1927
DPE-00058,58 rue de Paris,75005,B,63.0,2239.95,256.8,2020-08-10,maison,1963
DPE-00059,59 rue de Paris,75004,E,67.3,3203.54,294.9,2018-12-14,appartement,1922
DPE-00060,60 rue de Paris,75006,A,101.8,2753.41,261.7,2019-04-06,appartement,1887
DPE-00061,61 rue de Paris,75001,A,44.5,1925.41,309.4,2018-05-30,maison,1956
DPE-00062,62 rue de Paris,75004,F,89.6,1983.13,145.9,2021-09-05,appartement,1877
DPE-00063,63 rue de Paris,75007,B,37.6,3373.9,219.8,2018-04-13,appartement,1881
DPE-00064,64 rue de Paris,75008,B,100.1,2502.73,346.7,2021-05-04,maison,1963
DPE-00065,65 rue de Paris,75007,G,110.7,1837.74,123.0,2022-10-31,maison,1965
DPE-00066,66 rue de Paris,75005,G,44.7,2412.98,286.8,2020-12-03,maison,2010
DPE-00067,67 rue de Paris,75004,C,64.0,2640.63,143.3,2019-11-19,maison,1988
DPE-00068,68 rue de Paris,75002,B,35.1,1649.11,121.3,2019-03-15,appartement,1956
DPE-00069,69 rue de Paris,75007,C,74.3,1747.32,135.8,2020-05-10,maison,1999
DPE-00070,70 rue de Paris,75001,G,108.1,2227.07,208.8,2023-04-15,maison,1926
DPE-00071,71 rue de Paris,75007,G,109.2,3007.19,225.3,2022-02-13,appartement,1974
DPE-00072,72 rue de Paris,75004,C,63.6,587.07,170.8,2021-10-22,maison,1892
DPE-00073,73 rue de Paris,75008,B,118.1,2102.37,324.9,2021-04-27,appartement,1871
DPE-00074,74 rue de Paris,75007,B,106.7,1045.19,150.2,2019-11-02,appartement,1966
DPE-00075,75 rue de Paris,75006,C,96.1,1637.38,283.0,2022-08-31,maison,1914
DPE-00076,76 rue de Paris,75002,D,21.9,2118.26,350.0,2019-12-18,appartement,2016
DPE-00077,77 rue de Paris,75002,G,115.7,620.77,88.4,2019-05-22,appartement,1855
DPE-00078,78 rue de Paris,75003,B,32.6,2508.38,232.3,2019-03-23,maison,1915
DPE-00079,79 rue de Paris,75006,B,80.6,3391.2,274.0,2022-05-12,appartement,1929
DPE-00080,80 rue de Paris,75002,E,22.6,1435.87,262.9,2023-05-17,maison,1951
DPE-00081,81 rue de Paris,75004,A,79.2,2991.71,145.6,2021-11-28,maison,2003
DPE-00082,82 rue de Paris,75002,G,118.4,2847.91,173.7,2020-05-27,maison,1867
DPE-00083,83 rue de Paris,75006,A,105.0,2966.99,108.5,2023-05-22,maison,2012
DPE-00084,84 rue de Paris,75008,F,35.3,1028.41,220.9,2021-08-25,maison,2007
DPE-00085,85 rue de Paris,75008,D,63.6,2693.08,152.5,2022-10-11,appartement,1872
DPE-00086,86 rue de Paris,75005,D,44.4,1894.13,244.8,2020-02-16,maison,1857
DPE-00087,87 rue de Paris,75008,G,52.5,1962.65,175.8,2019-06-14,maison,1921
DPE-00088,88 rue de Paris,75005,E,21.0,3344.19,103.1,2022-01-14,maison,1975
DPE-00089,89 rue de Paris,75004,F,67.6,2635.53,201.0,2018-02-05,appartement,1925
DPE-00090,90 rue de Paris,75004,D,89.2,1418.62,237.0,2020-08-27,maison,1958
DPE-00091,91 rue de Paris,75006,C,90.3,1312.75,147.9,2018-09-05,appartement,1930
DPE-00092,92 rue de Paris,75002,F,73.6,2786.57,130.0,2019-03-20,maison,1920
DPE-00093,93 rue de Paris,75005,A,103.3,1388.74,177.4,2019-09-12,appartement,1986
DPE-00094,94 rue de Paris,75003,C,24.6,663.58,158.9,2023-04-18,appartement,2013
DPE-00095,95 rue de Paris,75008,A,107.3,2222.19,206.7,2020-06-21,maison,1897
DPE-00096,96 rue de Paris,75001,C,114.1,1933.19,302.0,2020-03-31,maison,1868
DPE-00097,97 rue de Paris,75001,B,34.9,2188.52,162.0,2019-05-24,appartement,1992
DPE-00098,98 rue de Paris,75007,E,79.6,2355.26,289.4,2020-02-19,maison,1963
DPE-00099,99 rue de Paris,75005,G,78.9,1786.49,233.5,2018-05-04,appartement,1903
DPE-00100,100 rue de Paris,75004,C,86.0,971.17,126.9,2018-06-03,appartement,1850
DPE-00101,101 rue de Paris,75007,D,88.9,1909.74,88.8,2019-08-14,maison,1966
DPE-00102,102 rue de Paris,75002,F,43.3,1293.66,293.6,2021-04-22,appartement,1958
DPE-00103,103 rue de Paris,75002,E,42.5,946.97,151.7,2018-10-19,appartement,1865
DPE-00104,104 rue de Paris,75003,G,50.8,2746.87,233.7,2019-08-15,maison,1881
DPE-00105,105 rue de Paris,75008,F,50.4,1707.53,153.5,2021-01-10,maison,1962
DPE-00106,106 rue de Paris,75002,E,24.0,1796.09,167.0,2019-05-28,appartement,1873
DPE-00107,107 rue de Paris,75004,F,103.6,2225.6,336.7,2022-04-16,maison,1997
DPE-00108,108 rue de Paris,75001,G,95.6,1911.5,255.9,2023-02-20,maison,1896
DPE-00109,109 rue de Paris,75007,F,101.4,3407.17,206.9,2020-04-16,maison,1932
DPE-00110,110 rue de Paris,75002,G,36.1,1734.94,213.8,2021-09-18,maison,1990
DPE-00111,111 rue de Paris,75001,D,28.8,1257.2,111.3,2022-05-02,maison,1981
DPE-00112,112 rue de Paris,75001,F,106.9,1885.93,94.6,2020-11-27,maison,2009
DPE-00113,113 rue de Paris,75008,F,64.2,654.84,152.1,2018-09-26,maison,1962
DPE-00114,114 rue de Paris,75008,A,22.9,2390.07,295.8,2021-12-24,appartement,1929
DPE-00115,115 rue de Paris,75001,E,60.8,1174.1,307.2,2018-08-21,maison,1880
DPE-00116,116 rue de Paris,75003,D,113.3,1375.58,270.5,2020-04-30,maison,1970
DPE-00117,117 rue de Paris,75004,D,75.1,1650.76,328.9,2020-11-06,appartement,1867
DPE-00118,118 rue de Paris,75005,G,99.0,1744.83,332.2,2020-11-05,maison,1850
DPE-00119,119 rue de Paris,75005,F,49.9,2260.81,349.7,2020-09-29,appartement,1964
DPE-00120,120 rue de Paris,75008,C,53.2,2788.62,181.8,2023-03-26,maison,1898
DPE-00121,121 rue de Paris,75004,E,58.3,3068.04,190.9,2019-10-14,maison,1947
DPE-00122,122 rue de Paris,75007,F,99.2,2456.06,121.1,2023-05-30,appartement,1882
DPE-00123,123 rue de Paris,75006,G,30.0,3035.12,106.9,2023-02-08,maison,1853
DPE-00124,124 rue de Paris,75003,D,107.1,3409.87,100.2,2022-05-20,maison,1936
DPE-00125,125 rue de Paris,75007,F,28.0,1485.7,262.1,2020-12-28,maison,1931
DPE-00126,126 rue de Paris,75008,G,74.1,2352.38,143.4,2021-11-02,maison,1908
DPE-00127,127 rue de Paris,75002,D,117.8,2781.11,270.1,2018-07-25,maison,1892
DPE-00128,128 rue de Paris,75005,A,24.6,2888.43,159.2,2020-02-07,maison,1887
DPE-00129,129 rue de Paris,75004,E,61.2,2545.4,128.6,2018-12-25,appartement,2006
DPE-00130,130 rue de Paris,75007,E,88.3,1993.0,237.5,2019-04-21,maison,2013
DPE-00131,131 rue de Paris,75005,D,45.5,528.19,297.3,2023-01-20,maison,1989
DPE-00132,132 rue de Paris,75003,A,64.2,1536.7,238.6,2021-08-01,maison,1914
DPE-00133,133 rue de Paris,75008,G,50.2,3498.12,310.4,2018-08-07,appartement,1947
DPE-00134,134 rue de Paris,75006,E,49.6,2597.84,85.9,2022-08-27,maison,1920
DPE-00135,135 rue de Paris,75001,E,106.5,2834.93,342.9,2023-02-08,maison,1923
DPE-00136,136 rue de Paris,75004,E,100.2,1157.01,131.3,2019-05-29,appartement,2010
DPE-00137,137 rue de Paris,75002,F,84.6,1426.8,199.0,2021-04-01,maison,1883
DPE-00138,138 rue de Paris,75002,C,52.7,1746.51,134.2,2022-05-30,maison,1985
DPE-00139,139 rue de Paris,75005,G,36.5,3242.15,334.9,2023-06-05,maison,1936
DPE-00140,140 rue de Paris,75002,D,116.3,922.27,341.0,2022-10-28,maison,1992
DPE-00141,141 rue de Paris,75006,A,99.1,541.76,224.9,2020-07-20,maison,1917
DPE-00142,142 rue de Paris,75007,G,83.9,1614.42,262.2,2020-08-23,appartement,2008
DPE-00143,143 rue de Paris,75006,E,42.1,689.65,302.4,2023-02-06,maison,2016
DPE-00144,144 rue de Paris,75007,A,34.0,3338.78,162.2,2020-10-05,appartement,1874
DPE-00145,145 rue de Paris,75004,E,33.6,1860.93,261.0,2022-03-02,maison,2000
DPE-00146,146 rue de Paris,75003,D,85.5,3001.08,246.2,2023-04-08,maison,1858
DPE-00147,147 rue de Paris,75006,B,64.3,3351.67,311.0,2018-07-23,maison,1989
DPE-00148,148 rue de Paris,75006,A,59.8,1069.43,113.0,2022-10-03,maison,1873
DPE-00149,149 rue de Paris,75004,F,83.9,3413.28,93.7,2019-11-15,appartement,1882
DPE-00150,150 rue de Paris,75004,A,103.0,2162.62,238.3,2022-07-24,appartement,1934
DPE-00151,151 rue de Paris,75003,G,110.1,508.51,311.8,2018-10-24,appartement,1988
DPE-00152,152 rue de Paris,75005,G,37.4,2483.17,87.0,2018-01-31,maison,1910
DPE-00153,153 rue de Paris,75006,A,37.4,657.2,280.3,2020-12-13,appartement,1866
DPE-00154,154 rue de Paris,75008,D,97.8,2039.71,109.4,2020-10-28,appartement,2007
DPE-00155,155 rue de Paris,75001,F,98.3,3100.94,220.8,2020-07-27,appartement,1865
DPE-00156,156 rue de Paris,75008,G,60.2,2558.29,212.4,2023-02-07,maison,1868
DPE-00157,157 rue de Paris,75002,C,80.8,697.05,154.3,2021-07-20,maison,1947
DPE-00158,158 rue de Paris,75005,D,70.6,1790.6,294.1,2018-08-23,appartement,1960
DPE-00159,159 rue de Paris,75008,B,61.4,2982.26,187.7,2022-02-03,appartement,1930
DPE-00160,160 rue de Paris,75007,C,86.5,1622.9,121.2,2023-03-06,maison,1867
DPE-00161,161 rue de Paris,75002,G,28.5,1795.63,281.0,2020-02-03,appartement,1992
DPE-00162,162 rue de Paris,75001,E,115.7,2185.05,260.9,2020-04-21,maison,2020
DPE-00163,163 rue de Paris,75007,G,111.6,654.34,157.7,2019-10-02,maison,1876
DPE-00164,164 rue de Paris,75004,B,85.7,1172.73,109.2,2022-09-28,maison,1879
DPE-00165,165 rue de Paris,75005,E,42.6,1787.34,231.5,2022-04-21,appartement,2005
DPE-00166,166 rue de Paris,75005,A,38.0,2608.1,163.4,2019-11-27,maison,1851
DPE-00167,167 rue de Paris,75003,G,34.3,2472.03,98.8,2022-02-26,appartement,1873
DPE-00168,168 rue de Paris,75004,D,62.0,1522.69,179.9,2022-01-17,maison,1995
DPE-00169,169 rue de Paris,75002,A,35.6,2763.31,93.4,2018-06-17,maison,1963
DPE-00170,170 rue de Paris,75007,D,80.7,1742.55,138.2,2020-11-15,appartement,1938
DPE-00171,171 rue de Paris,75007,A,48.3,2535.46,211.4,2021-09-28,maison,1861
DPE-00172,172 rue de Paris,75004,D,118.4,664.35,135.2,2023-04-21,appartement,1885
DPE-00173,173 rue de Paris,75005,C,52.8,523.19,281.7,2018-12-26,appartement,1947
DPE-00174,174 rue de Paris,75004,E,75.9,2504.14,175.6,2020-03-24,appartement,1961
DPE-00175,175 rue de Paris,75001,D,112.1,3086.33,235.5,2021-03-20,maison,2013
DPE-00176,176 rue de Paris,75007,C,31.5,562.57,167.7,2022-06-30,maison,1942
DPE-00177,177 rue de Paris,75002,D,104.4,1229.95,239.0,2020-12-09,appartement,1951
DPE-00178,178 rue de Paris,75005,F,54.0,1499.21,125.4,2020-11-11,appartement,1985
DPE-00179,179 rue de Paris,75004,G,54.9,2682.14,301.1,2022-07-28,appartement,1910
DPE-00180,180 rue de Paris,75002,B,45.6,1020.5,121.3,2022-04-04,appartement,1895
DPE-00181,181 rue de Paris,75008,D,95.4,2779.63,201.2,2023-03-08,maison,2010
DPE-00182,182 rue de Paris,75006,B,64.0,1906.76,250.5,2022-06-19,maison,2001
DPE-00183,183 rue de Paris,75001,C,70.7,1431.22,202.0,2018-04-27,maison,1923
DPE-00184,184 rue de Paris,75002,F,106.4,3065.88,246.1,2020-11-04,maison,1968
DPE-00185,185 rue de Paris,75001,D,110.9,2214.97,130.8,2021-05-24,maison,1978
DPE-00186,186 rue de Paris,75003,A,65.1,2932.9,306.1,2022-01-02,appartement,1979
DPE-00187,187 rue de Paris,75003,A,44.8,1813.27,198.6,2020-12-06,appartement,1943
DPE-00188,188 rue de Paris,75006,C,58.7,2823.39,263.3,2018-04-18,maison,1866
DPE-00189,189 rue de Paris,75006,A,75.8,1659.69,148.0,2022-10-11,appartement,1935
DPE-00190,190 rue de Paris,75002,E,86.4,3250.24,163.8,2021-09-05,maison,1883
DPE-00191,191 rue de Paris,75002,C,75.9,2430.48,168.7,2018-09-19,appartement,2015
DPE-00192,192 rue de Paris,75007,E,56.2,1587.79,128.7,2019-03-15,maison,1974
DPE-00193,193 rue de Paris,75004,B,120.0,964.84,159.9,2022-06-03,appartement,1979
DPE-00194,194 rue de Paris,75001,F,53.7,2798.92,115.4,2020-02-11,appartement,1891
DPE-00195,195 rue de Paris,75003,G,89.3,2374.22,323.7,2022-01-16,maison,1861
DPE-00196,196 rue de Paris,75007,C,87.6,1212.59,199.9,2019-08-07,maison,1909
DPE-00197,197 rue de Paris,75004,C,116.6,2853.11,324.1,2019-02-02,maison,1996
DPE-00198,198 rue de Paris,75008,D,96.9,2834.37,215.8,2020-05-07,appartement,1901
DPE-00199,199 rue de Paris,75003,G,45.0,2423.54,316.0,2021-02-09,appartement,1982
DPE-00200,200 rue de Paris,75002,C,28.4,980.94,201.3,2020-11-17,appartement,1961
DPE-00201,201 rue de Paris,75002,B,101.7,3153.89,331.2,2020-04-29,appartement,1951
DPE-00202,202 rue de Paris,75006,B,58.6,744.82,140.6,2019-10-15,appartement,2016
DPE-00203,203 rue de Paris,75006,G,34.6,614.91,327.7,2020-08-25,appartement,1970
DPE-00204,204 rue de Paris,75008,E,20.5,737.68,149.1,2022-09-07,appartement,1990
DPE-00205,205 rue de Paris,75007,A,97.6,1212.92,112.9,2019-05-04,maison,2013
DPE-00206,206 rue de Paris,75008,A,31.1,3215.44,241.1,2018-02-03,appartement,1886
DPE-00207,207 rue de Paris,75005,D,20.2,1558.45,234.1,2019-01-19,appartement,1984
DPE-00208,208 rue de Paris,75006,A,115.3,2132.25,292.3,2020-11-05,appartement,1949
DPE-00209,209 rue de Paris,75008,A,83.6,3443.12,148.5,2018-02-03,maison,1867
DPE-00210,210 rue de Paris,75006,B,93.3,2384.77,288.3,2022-02-14,maison,1884
DPE-00211,211 rue de Paris,75001,C,74.6,2940.53,127.3,2022-05-15,maison,1972
DPE-00212,212 rue de Paris,75003,G,33.5,2648.14,334.8,2018-03-17,maison,1901
DPE-00213,213 rue de Paris,75001,G,39.9,625.72,332.0,2020-11-21,maison,1989
DPE-00214,214 rue de Paris,75008,C,23.7,2440.7,157.2,2022-11-01,appartement,2017
DPE-00215,215 rue de Paris,75006,C,32.4,1604.06,320.2,2022-03-03,maison,1948
DPE-00216,216 rue de Paris,75006,B,69.6,1992.57,329.6,2020-11-29,maison,1871
DPE-00217,217 rue de Paris,75007,A,63.1,3485.29,128.7,2019-08-25,maison,1876
DPE-00218,218 rue de Paris,75002,C,86.1,1419.49,242.7,2020-05-22,appartement,1963
DPE-00219,219 rue de Paris,75006,D,24.2,3110.11,175.2,2020-06-09,maison,2013
DPE-00220,220 rue de Paris,75001,A,87.1,1718.63,218.5,2022-03-16,appartement,1857
DPE-00221,221 rue de Paris,75003,G,80.8,2843.94,89.4,2018-05-18,appartement,2015
DPE-00222,222 rue de Paris,75006,C,58.3,2201.73,243.4,2021-10-22,maison,1944
DPE-00223,223 rue de Paris,75006,D,96.3,2221.77,223.0,2020-03-26,maison,2016
DPE-00224,224 rue de Paris,75005,B,116.1,577.74,130.2,2020-11-26,maison,1993
DPE-00225,225 rue de Paris,75002,C,97.5,2612.11,137.9,2021-06-07,maison,1975
DPE-00226,226 rue de Paris,75004,A,33.6,722.16,126.6,2021-12-31,maison,1872
DPE-00227,227 rue de Paris,75006,F,54.7,694.82,226.4,2022-12-31,maison,1890
DPE-00228,228 rue de Paris,75003,G,56.1,1172.72,346.0,2022-06-11,appartement,1910
DPE-00229,229 rue de Paris,75008,A,56.1,2216.83,206.2,2021-02-03,appartement,2006
DPE-00230,230 rue de Paris,75002,A,50.9,3498.79,274.1,2020-12-12,maison,1954
DPE-00231,231 rue de Paris,75002,B,117.2,2427.02,201.5,2021-10-24,maison,1882
DPE-00232,232 rue de Paris,75003,G,116.6,1797.85,325.9,2018-04-24,appartement,1982
DPE-00233,233 rue de Paris,75003,C,36.5,1467.98,271.5,2019-12-10,maison,1870
DPE-00234,234 rue de Paris,75005,B,83.5,2152.52,113.8,2019-09-13,appartement,1978
DPE-00235,235 rue de Paris,75003,E,114.2,962.58,257.9,2022-01-15,maison,1994
DPE-00236,236 rue de Paris,75001,G,106.4,743.67,336.1,2022-04-29,maison,2016
DPE-00237,237 rue de Paris,75004,G,77.2,2354.33,88.2,2022-12-26,maison,2014
DPE-00238,238 rue de Paris,75005,D,44.5,2922.05,189.6,2020-07-17,appartement,1865
DPE-00239,239 rue de Paris,75003,D,61.6,1893.33,171.9,2018-10-22,maison,1931
DPE-00240,240 rue de Paris,75006,D,33.1,1611.62,231.6,2019-10-16,appartement,1969
DPE-00241,241 rue de Paris,75002,C,65.0,922.63,93.7,2023-04-21,maison,2007
DPE-00242,242 rue de Paris,75007,B,116.3,3206.93,299.6,2023-03-28,maison,1898
DPE-00243,243 rue de Paris,75003,D,119.6,1900.45,317.4,2020-10-15,appartement,1873
DPE-00244,244 rue de Paris,75007,E,65.7,1222.19,237.5,2018-04-10,appartement,1922
DPE-00245,245 rue de Paris,75008,E,108.2,2462.78,207.1,2021-01-04,appartement,1877
DPE-00246,246 rue de Paris,75007,B,108.2,2682.52,286.2,2020-01-20,appartement,1952
DPE-00247,247 rue de Paris,75001,E,76.2,1587.57,157.9,2020-03-02,maison,1990
DPE-00248,248 rue de Paris,75005,G,118.9,2541.2,112.1,2023-06-20,appartement,1950
DPE-00249,249 rue de Paris,75006,G,118.7,2173.5,178.7,2018-10-23,appartement,2004
DPE-00250,250 rue de Paris,75007,E,24.0,616.74,272.7,2022-07-05,maison,1982
DPE-00251,251 rue de Paris,75008,B,80.6,2046.52,168.6,2021-06-09,maison,1891
DPE-00252,252 rue de Paris,75007,E,93.9,1397.7,170.8,2022-08-24,maison,1994
DPE-00253,253 rue de Paris,75005,D,101.6,1605.07,261.9,2020-05-03,maison,2011
DPE-00254,254 rue de Paris,75001,E,67.5,3401.21,291.4,2022-05-09,appartement,1863
DPE-00255,255 rue de Paris,75008,B,72.4,2663.55,289.1,2020-02-18,appartement,1912
DPE-00256,256 rue de Paris,75001,E,114.8,829.69,85.1,2019-10-05,maison,1888
DPE-00257,257 rue de Paris,75007,F,40.4,2005.46,245.1,2020-08-23,appartement,1885
DPE-00258,258 rue de Paris,75004,E,52.5,2486.68,221.9,2019-10-05,appartement,1967
DPE-00259,259 rue de Paris,75006,E,55.4,2815.97,274.6,2021-08-10,maison,2006
DPE-00260,260 rue de Paris,75008,B,115.7,1337.02,160.6,2023-04-13,maison,1923
DPE-00261,261 rue de Paris,75004,F,90.5,1451.12,174.2,2023-03-28,maison,1923
DPE-00262,262 rue de Paris,75002,E,87.7,1639.08,344.6,2022-08-04,maison,1887
DPE-00263,263 rue de Paris,75005,A,48.8,2642.42,173.5,2020-06-24,maison,1972
DPE-00264,264 rue de Paris,75004,B,102.8,1313.4,231.7,2019-07-11,appartement,1877
DPE-00265,265 rue de Paris,75004,B,25.1,3215.55,140.9,2019-04-22,appartement,1875
DPE-00266,266 rue de Paris,75007,C,91.7,801.63,288.1,2018-01-11,appartement,1954
DPE-00267,267 rue de Paris,75008,D,85.1,2767.73,157.6,2019-08-08,appartement,1872
DPE-00268,268 rue de Paris,75004,E,93.9,3051.0,90.1,2023-03-03,appartement,1956
DPE-00269,269 rue de Paris,75003,A,119.7,1690.98,213.8,2023-04-03,maison,1859
DPE-00270,270 rue de Paris,75001,C,76.8,821.9,345.4,2019-08-06,maison,2014
DPE-00271,271 rue de Paris,75008,B,105.1,1904.06,132.1,2018-08-19,maison,1891
DPE-00272,272 rue de Paris,75008,F,45.7,1058.6,278.9,2022-06-08,maison,1995
DPE-00273,273 rue de Paris,75004,B,81.1,2416.18,189.5,2020-05-25,maison,1872
DPE-00274,274 rue de Paris,75007,F,29.5,3445.06,208.9,2023-04-01,appartement,1851
DPE-00275,275 rue de Paris,75005,D,43.6,2761.27,337.6,2019-09-11,appartement,1916
DPE-00276,276 rue de Paris,75006,F,43.6,2503.36,205.7,2018-11-24,maison,1978
DPE-00277,277 rue de Paris,75005,F,31.7,3248.39,159.7,2021-06-12,appartement,1906
DPE-00278,278 rue de Paris,75003,D,35.3,2743.2,243.5,2020-05-01,maison,1987
DPE-00279,279 rue de Paris,75004,G,44.7,2764.22,315.7,2018-06-17,maison,1985
DPE-00280,280 rue de Paris,75006,A,111.7,836.63,303.8,2023-01-24,appartement,1996
DPE-00281,281 rue de Paris,75003,B,52.8,2061.02,111.4,2019-02-25,maison,1873
DPE-00282,282 rue de Paris,75008,G,25.6,895.83,192.2,2021-02-28,appartement,1993
DPE-00283,283 rue de Paris,75008,F,100.7,2669.84,186.9,2022-07-31,appartement,1905
DPE-00284,284 rue de Paris,75002,A,62.4,2601.15,226.1,2018-05-04,appartement,1970
DPE-00285,285 rue de Paris,75001,C,60.9,2806.92,286.8,2022-02-02,maison,1945
DPE-00286,286 rue de Paris,75007,D,107.0,3220.3,181.4,2021-10-30,appartement,2017
DPE-00287,287 rue de Paris,75006,A,37.8,2111.78,222.8,2022-01-30,appartement,1850
DPE-00288,288 rue de Paris,75001,C,66.3,2657.28,194.5,2020-02-16,appartement,1913
DPE-00289,289 rue de Paris,75008,C,35.5,1065.44,316.3,2022-04-17,appartement,1858
DPE-00290,290 rue de Paris,75007,E,96.6,3151.27,84.2,2019-02-27,appartement,1875
DPE-00291,291 rue de Paris,75001,D,79.8,2609.86,93.1,2022-02-25,appartement,1952
DPE-00292,292 rue de Paris,75008,B,74.0,2763.16,289.5,2018-10-14,maison,1909
DPE-00293,293 rue de Paris,75006,E,79.8,2517.6,166.6,2019-09-11,appartement,2019
DPE-00294,294 rue de Paris,75004,D,50.1,682.87,336.1,2022-12-07,appartement,2010
DPE-00295,295 rue de Paris,75007,E,69.6,3416.87,334.2,2021-10-06,maison,1984
DPE-00296,296 rue de Paris,75006,F,61.6,947.65,181.6,2022-03-26,maison,1911
DPE-00297,297 rue de Paris,75004,C,105.8,933.06,205.0,2018-04-29,maison,1956
DPE-00298,298 rue de Paris,75003,D,44.3,1110.01,254.6,2023-03-04,maison,1944
DPE-00299,299 rue de Paris,75002,E,92.5,1071.44,152.5,2021-10-11,appartement,1868
DPE-00300,300 rue de Paris,75004,G,96.2,2672.92,230.9,2020-09-08,appartement,1935
DPE-00301,301 rue de Paris,75005,A,41.2,1070.07,280.2,2022-03-10,maison,1912
DPE-00302,302 rue de Paris,75004,D,111.5,2156.24,289.4,2020-02-19,maison,1986
DPE-00303,303 rue de Paris,75006,C,46.2,2038.45,214.3,2018-07-21,maison,1931
DPE-00304,304 rue de Paris,75004,C,51.3,637.15,313.3,2022-02-27,appartement,1854
DPE-00305,305 rue de Paris,75005,E,113.5,2237.43,192.7,2018-11-09,appartement,1934
DPE-00306,306 rue de Paris,75004,D,77.0,1237.19,228.7,2023-04-17,maison,1915
DPE-00307,307 rue de Paris,75008,F,84.2,1971.79,125.4,2022-06-17,maison,1893
DPE-00308,308 rue de Paris,75003,F,74.7,1052.14,320.1,2021-08-07,appartement,1984
DPE-00309,309 rue de Paris,75001,G,104.7,3335.56,260.4,2022-04-15,appartement,1955
DPE-00310,310 rue de Paris,75003,G,83.1,703.9,120.8,2019-03-24,maison,1945
DPE-00311,311 rue de Paris,75001,E,83.8,3301.71,326.4,2021-09-12,maison,1854
DPE-00312,312 rue de Paris,75001,E,75.2,535.55,222.9,2019-07-17,maison,1854
DPE-00313,313 rue de Paris,75007,G,114.0,1037.8,327.9,2020-12-09,appartement,1911
DPE-00314,314 rue de Paris,75004,E,72.6,2945.64,152.2,2020-03-23,appartement,1945
DPE-00315,315 rue de Paris,75007,D,76.5,3470.7,141.0,2021-11-01,appartement,2017
DPE-00316,316 rue de Paris,75001,A,60.5,1631.51,208.5,2021-07-28,appartement,1893
DPE-00317,317 rue de Paris,75002,D,104.5,2434.72,169.4,2022-10-24,appartement,1985
DPE-00318,318 rue de Paris,75001,B,41.1,3104.35,319.6,2020-08-31,maison,1861
DPE-00319,319 rue de Paris,75002,F,112.6,3197.93,232.1,2018-03-09,appartement,1930
DPE-00320,320 rue de Paris,75001,B,78.7,2756.76,272.4,2020-03-26,appartement,1926
DPE-00321,321 rue de Paris,75003,E,44.0,3003.95,185.1,2023-01-11,maison,1948
DPE-00322,322 rue de Paris,75003,G,118.8,2672.49,215.2,2023-06-19,maison,1863
DPE-00323,323 rue de Paris,75002,D,43.2,728.05,243.4,2021-06-11,maison,1933
DPE-00324,324 rue de Paris,75001,F,47.3,3477.76,212.5,2019-12-30,maison,1960
DPE-00325,325 rue de Paris,75003,F,78.6,1640.22,288.5,2019-08-28,appartement,1868
DPE-00326,326 rue de Paris,75002,C,35.4,2635.03,251.2,2022-02-23,maison,1931
DPE-00327,327 rue de Paris,75006,A,29.2,3328.88,200.1,2022-04-09,maison,1876
DPE-00328,328 rue de Paris,75003,A,38.7,1846.53,229.8,2020-04-15,appartement,1856
DPE-00329,329 rue de Paris,75002,C,75.4,2290.77,291.8,2022-11-04,maison,1853
DPE-00330,330 rue de Paris,75005,D,58.8,754.1,323.3,2023-01-28,appartement,1996
DPE-00331,331 rue de Paris,75003,F,58.1,916.52,161.3,2020-10-06,appartement,1866
DPE-00332,332 rue de Paris,75003,D,47.6,1399.26,291.3,2020-01-10,maison,1913
DPE-00333,333 rue de Paris,75008,E,81.7,1873.58,116.6,2018-01-14,maison,1935
DPE-00334,334 rue de Paris,75007,G,106.2,1820.67,196.3,2022-08-14,appartement,1926
DPE-00335,335 rue de Paris,75006,E,114.7,1102.55,164.8,2023-05-30,maison,1931
DPE-00336,336 rue de Paris,75005,F,89.5,1973.02,235.5,2019-05-12,maison,1946
DPE-00337,337 rue de Paris,75005,G,98.6,1595.05,331.7,2019-02-14,appartement,1990
DPE-00338,338 rue de Paris,75001,F,66.2,2625.1,198.4,2019-08-20,appartement,1954
DPE-00339,339 rue de Paris,75008,B,83.3,1226.06,257.8,2022-01-04,maison,1946
DPE-00340,340 rue de Paris,75002,D,119.1,1937.7,188.2,2020-11-03,maison,1989
DPE-00341,341 rue de Paris,75001,G,116.8,2604.9,299.3,2021-05-01,appartement,1877
DPE-00342,342 rue de Paris,75004,F,86.5,999.02,245.4,2021-02-27,maison,1934
DPE-00343,343 rue de Paris,75007,A,21.1,1276.22,217.9,2020-11-28,appartement,1964
DPE-00344,344 rue de Paris,75006,D,66.3,2538.67,266.4,2018-11-05,maison,1856
DPE-00345,345 rue de Paris,75008,A,49.5,3261.64,103.2,2022-08-30,appartement,1939
DPE-00346,346 rue de Paris,75005,C,65.5,1120.6,210.4,2020-09-02,appartement,1962
DPE-00347,347 rue de Paris,75008,C,26.7,634.05,271.9,2018-02-16,maison,2015
DPE-00348,348 rue de Paris,75002,F,100.0,3289.77,279.9,2020-11-22,appartement,1991
DPE-00349,349 rue de Paris,75003,C,76.0,3375.39,142.6,2020-04-09,appartement,1897
DPE-00350,350 rue de Paris,75007,D,22.9,2342.32,133.3,2021-04-27,maison,1949
DPE-00351,351 rue de Paris,75001,F,41.5,1335.03,270.0,2022-06-19,appartement,1997
DPE-00352,352 rue de Paris,75002,G,107.2,1060.88,168.0,2020-07-26,appartement,1917
DPE-00353,353 rue de Paris,75008,E,116.6,1440.21,184.9,2020-03-14,appartement,1939
DPE-00354,354 rue de Paris,75006,G,65.8,1017.58,261.9,2022-06-28,maison,2007
DPE-00355,355 rue de Paris,75002,F,33.4,853.58,162.5,2019-01-10,maison,1886
DPE-00356,356 rue de Paris,75007,D,79.6,2224.42,194.2,2020-09-23,appartement,1992
DPE-00357,357 rue de Paris,75003,D,48.9,1061.3,307.3,2021-06-22,appartement,1941
DPE-00358,358 rue de Paris,75001,D,33.7,2945.65,340.2,2020-11-01,maison,1954
DPE-00359,359 rue de Paris,75008,D,91.0,1831.56,125.2,2021-03-03,appartement,1906
DPE-00360,360 rue de Paris,75005,A,47.5,2112.83,125.4,2020-07-25,maison,1990
DPE-00361,361 rue de Paris,75002,E,31.4,2825.34,302.3,2020-01-22,appartement,1962
DPE-00362,362 rue de Paris,75004,D,30.2,2990.21,282.9,2019-09-02,appartement,1965
DPE-00363,363 rue de Paris,75005,C,106.2,760.95,313.6,2018-08-29,appartement,1903
DPE-00364,364 rue de Paris,75006,G,91.1,2398.31,124.8,2018-10-13,appartement,1902
DPE-00365,365 rue de Paris,75001,E,55.1,1343.26,225.5,2019-10-25,maison,1924
DPE-00366,366 rue de Paris,75005,G,71.4,3200.47,300.1,2018-10-05,maison,1865
DPE-00367,367 rue de Paris,75005,G,85.6,2604.28,115.8,2018-10-27,maison,1913
DPE-00368,368 rue de Paris,75007,D,34.2,2397.21,249.5,2020-02-08,maison,1869
DPE-00369,369 rue de Paris,75002,D,71.6,1334.68,332.8,2020-01-26,maison,1974
DPE-00370,370 rue de Paris,75006,E,20.2,2822.41,277.8,2022-02-05,maison,2012
DPE-00371,371 rue de Paris,75006,G,26.3,2103.27,138.8,2020-05-29,appartement,1976
DPE-00372,372 rue de Paris,75005,C,102.8,1513.27,236.0,2021-03-05,maison,1937
DPE-00373,373 rue de Paris,75001,A,30.0,2851.67,204.1,2018-09-12,appartement,1962
DPE-00374,374 rue de Paris,75008,A,119.2,1783.4,348.8,2023-02-06,appartement,2016
DPE-00375,375 rue de Paris,75005,B,107.4,3129.79,105.2,2020-01-09,maison,1871
DPE-00376,376 rue de Paris,75006,F,110.4,996.58,187.0,2019-09-18,appartement,1959
DPE-00377,377 rue de Paris,75002,F,29.5,1140.26,101.0,2021-04-30,appartement,1982
DPE-00378,378 rue de Paris,75008,A,20.8,1530.72,112.6,2022-10-28,maison,1883
DPE-00379,379 rue de Paris,75008,A,42.9,767.99,297.6,2018-07-31,maison,1944
DPE-00380,380 rue de Paris,75005,B,58.3,2940.1,316.1,2021-08-06,appartement,1867
DPE-00381,381 rue de Paris,75001,E,85.0,1820.3,275.1,2021-07-10,appartement,1955
DPE-00382,382 rue de Paris,75008,G,41.7,3189.78,117.8,2018-09-10,maison,1939
DPE-00383,383 rue de Paris,75007,C,99.1,1243.36,254.0,2019-05-24,maison,1856
DPE-00384,384 rue de Paris,75005,B,71.8,2028.57,281.9,2019-08-29,appartement,1911
DPE-00385,385 rue de Paris,75008,D,31.3,1998.75,240.4,2020-12-17,appartement,1942
DPE-00386,386 rue de Paris,75006,B,58.7,3016.92,193.6,2021-01-23,appartement,1970
DPE-00387,387 rue de Paris,75002,A,78.7,541.38,138.3,2023-03-05,appartement,1951
DPE-00388,388 rue de Paris,75005,F,91.3,2801.33,194.4,2020-04-03,appartement,2013
DPE-00389,389 rue de Paris,75003,C,28.4,737.06,328.6,2023-06-19,appartement,1987
DPE-00390,390 rue de Paris,75006,D,78.6,2789.67,255.5,2021-08-10,appartement,1929
DPE-00391,391 rue de Paris,75007,F,115.3,1215.91,146.0,2023-03-09,maison,1879
DPE-00392,392 rue de Paris,75008,E,80.9,1427.87,280.3,2022-02-25,appartement,1880
DPE-00393,393 rue de Paris,75001,F,33.7,534.05,214.0,2019-12-12,maison,1892
DPE-00394,394 rue de Paris,75006,B,95.0,3120.38,277.9,2018-08-30,appartement,1935
DPE-00395,395 rue de Paris,75007,C,72.4,1288.85,343.3,2021-07-09,appartement,1977
DPE-00396,396 rue de Paris,75008,E,56.0,1998.83,233.1,2020-01-24,appartement,1915
DPE-00397,397 rue de Paris,75002,E,87.4,846.0,280.0,2018-01-06,appartement,1853
DPE-00398,398 rue de Paris,75004,A,67.2,1648.94,120.5,2023-03-23,appartement,1991
DPE-00399,399 rue de Paris,75007,B,52.2,1748.77,274.5,2019-07-10,appartement,1996
DPE-00400,400 rue de Paris,75006,A,70.2,3205.82,128.4,2022-07-06,appartement,1952
DPE-00401,401 rue de Paris,75002,D,106.6,2820.58,163.9,2018-06-26,maison,1852
DPE-00402,402 rue de Paris,75006,B,49.2,2853.52,279.7,2019-05-12,maison,1944
DPE-00403,403 rue de Paris,75008,G,97.6,2697.39,227.6,2022-06-19,appartement,1888
DPE-00404,404 rue de Paris,75001,D,22.4,2124.64,251.7,2021-11-21,appartement,1935
DPE-00405,405 rue de Paris,75001,G,85.7,3047.02,276.3,2018-08-01,appartement,1985
DPE-00406,406 rue de Paris,75004,D,69.2,679.69,349.2,2021-12-28,maison,1873
DPE-00407,407 rue de Paris,75001,B,109.7,2059.28,269.2,2020-02-02,maison,1871
DPE-00408,408 rue de Paris,75002,E,33.4,2959.89,100.2,2021-03-08,appartement,1961
DPE-00409,409 rue de Paris,75003,B,49.2,3052.74,330.0,2020-03-15,maison,1931
DPE-00410,410 rue de Paris,75008,C,43.4,3330.66,116.8,2022-04-27,appartement,1889
DPE-00411,411 rue de Paris,75002,B,65.0,1442.1,112.6,2020-01-04,appartement,1965
DPE-00412,412 rue de Paris,75005,D,46.5,859.74,122.6,2021-11-06,maison,2004
DPE-00413,413 rue de Paris,75001,B,103.6,1483.38,104.6,2019-05-24,maison,1951
DPE-00414,414 rue de Paris,75001,F,49.9,2960.27,126.9,2023-05-04,maison,1965
DPE-00415,415 rue de Paris,75004,A,66.2,2911.69,117.7,2018-01-25,appartement,1906
DPE-00416,416 rue de Paris,75003,B,102.4,1616.72,250.2,2021-08-13,appartement,1999
DPE-00417,417 rue de Paris,75005,G,27.5,3491.48,133.4,2021-08-15,maison,1882
DPE-00418,418 rue de Paris,75002,G,102.9,1494.65,91.5,2020-08-02,appartement,1893
DPE-00419,419 rue de Paris,75007,G,92.4,1988.38,183.3,2020-05-23,appartement,1940
DPE-00420,420 rue de Paris,75004,B,47.5,1838.03,120.1,2021-06-11,appartement,2015
DPE-00421,421 rue de Paris,75005,D,61.2,2152.07,96.5,2019-07-27,maison,1885
DPE-00422,422 rue de Paris,75007,B,84.3,2891.59,147.3,2022-07-01,appartement,1947
DPE-00423,423 rue de Paris,75006,D,74.5,1954.04,326.4,2020-10-25,maison,1949
DPE-00424,424 rue de Paris,75005,B,22.6,2291.35,87.9,2022-07-19,maison,1864
DPE-00425,425 rue de Paris,75008,E,55.7,2251.97,142.8,2018-11-23,appartement,1913
DPE-00426,426 rue de Paris,75004,C,73.4,2873.71,279.0,2022-04-14,appartement,1997
DPE-00427,427 rue de Paris,75007,C,113.5,3474.63,126.9,2019-04-30,maison,1941
DPE-00428,428 rue de Paris,75001,F,90.1,3342.68,232.2,2021-02-27,appartement,1976
DPE-00429,429 rue de Paris,75005,B,69.0,770.77,142.8,2019-03-25,appartement,1984
DPE-00430,430 rue de Paris,75008,A,53.2,2342.4,297.7,2019-11-29,appartement,1932
DPE-00431,431 rue de Paris,75001,A,34.8,2614.09,118.2,2018-08-16,maison,1868
DPE-00432,432 rue de Paris,75006,F,114.2,1686.79,107.3,2019-09-11,maison,1884
DPE-00433,433 rue de Paris,75003,F,114.9,2875.53,339.4,2021-08-22,maison,1894
DPE-00434,434 rue de Paris,75006,B,86.6,2943.36,182.2,2022-02-12,maison,1882
DPE-00435,435 rue de Paris,75003,F,20.2,2606.03,234.7,2022-10-09,appartement,1896
DPE-00436,436 rue de Paris,75006,G,116.8,1162.69,232.7,2023-04-03,maison,1886
DPE-00437,437 rue de Paris,75006,F,27.8,1540.43,166.3,2021-07-26,appartement,2013
DPE-00438,438 rue de Paris,75006,D,21.1,1129.05,267.2,2019-12-19,maison,1877
DPE-00439,439 rue de Paris,75001,A,58.6,2697.75,341.7,2022-12-17,maison,1976
DPE-00440,440 rue de Paris,75007,C,74.6,804.29,209.5,2022-11-05,appartement,1891
DPE-00441,441 rue de Paris,75008,A,99.9,600.24,85.4,2019-06-19,appartement,1868
DPE-00442,442 rue de Paris,75006,B,108.8,982.71,100.3,2023-04-13,appartement,1936
DPE-00443,443 rue de Paris,75008,F,23.1,3327.33,124.5,2022-12-28,maison,1890
DPE-00444,444 rue de Paris,75001,A,53.1,3423.2,190.5,2021-02-08,maison,2019
DPE-00445,445 rue de Paris,75005,C,43.8,648.91,234.4,2022-09-17,maison,1889
DPE-00446,446 rue de Paris,75001,C,20.4,762.89,302.5,2021-07-04,maison,1901
DPE-00447,447 rue de Paris,75002,A,40.7,2414.57,343.8,2020-08-27,appartement,1928
DPE-00448,448 rue de Paris,75007,D,68.9,2483.12,104.6,2021-01-19,maison,1897
DPE-00449,449 rue de Paris,75006,D,56.9,1837.33,151.1,2020-08-10,maison,1907
DPE-00450,450 rue de Paris,75005,E,26.2,2756.71,260.2,2018-06-25,maison,1988
DPE-00451,451 rue de Paris,75007,G,79.0,2160.81,307.0,2022-08-04,maison,1987
DPE-00452,452 rue de Paris,75008,E,108.2,1928.79,101.3,2023-01-23,appartement,1978
DPE-00453,453 rue de Paris,75003,A,114.9,1847.12,336.2,2018-12-09,appartement,1899
DPE-00454,454 rue de Paris,75003,A,62.3,3464.84,197.6,2022-08-12,appartement,2002
DPE-00455,455 rue de Paris,75005,C,111.1,3242.52,98.1,2020-03-05,maison,1991
DPE-00456,456 rue de Paris,75006,G,47.6,1874.47,315.8,2022-05-30,maison,1878
DPE-00457,457 rue de Paris,75007,B,34.8,2263.8,284.8,2023-04-09,appartement,1877
DPE-00458,458 rue de Paris,75002,G,48.6,2106.9,172.8,2020-04-21,maison,1948
DPE-00459,459 rue de Paris,75008,E,80.9,612.4,154.4,2018-10-22,maison,1859
DPE-00460,460 rue de Paris,75007,C,89.1,647.87,208.3,2019-07-05,maison,1855
DPE-00461,461 rue de Paris,75006,G,99.4,1432.85,307.6,2022-10-24,appartement,1908
DPE-00462,462 rue de Paris,75003,C,117.4,1829.33,303.0,2019-07-06,maison,2004
DPE-00463,463 rue de Paris,75002,B,64.2,3240.3,189.9,2020-09-19,maison,1864
DPE-00464,464 rue de Paris,75003,A,51.1,2020.39,116.6,2022-10-10,appartement,1894
DPE-00465,465 rue de Paris,75004,G,40.1,672.88,88.9,2018-04-14,maison,1900
DPE-00466,466 rue de Paris,75005,C,102.4,2015.38,251.6,2018-09-11,appartement,1911
DPE-00467,467 rue de Paris,75006,D,79.4,1032.75,315.0,2021-04-16,maison,1938
DPE-00468,468 rue de Paris,75003,G,109.4,2746.88,266.0,2019-08-07,appartement,1948
DPE-00469,469 rue de Paris,75001,B,105.4,2839.49,137.9,2019-03-30,appartement,1902
DPE-00470,470 rue de Paris,75005,F,61.0,560.16,290.7,2022-04-21,appartement,1971
DPE-00471,471 rue de Paris,75003,F,37.3,2902.59,140.4,2021-05-30,maison,2014
DPE-00472,472 rue de Paris,75005,D,109.5,3054.76,203.9,2019-03-23,maison,1927
DPE-00473,473 rue de Paris,75007,E,30.2,2034.54,258.8,2022-09-24,maison,1993
DPE-00474,474 rue de Paris,75005,C,88.4,1945.22,170.8,2019-07-21,maison,1920
DPE-00475,475 rue de Paris,75005,F,91.1,3177.12,160.7,2018-11-04,appartement,1864
DPE-00476,476 rue de Paris,75007,F,52.0,919.79,86.9,2020-10-15,maison,1916
DPE-00477,477 rue de Paris,75007,D,58.8,605.96,271.2,2021-03-17,appartement,1937
DPE-00478,478 rue de Paris,75004,F,73.5,2854.69,324.8,2021-10-07,maison,1979
DPE-00479,479 rue de Paris,75005,G,37.0,2472.84,230.7,2019-08-25,appartement,1970
DPE-00480,480 rue de Paris,75003,F,45.9,2925.03,286.0,2019-01-10,maison,2017
DPE-00481,481 rue de Paris,75002,B,55.5,2732.63,162.9,2022-06-03,maison,1945
DPE-00482,482 rue de Paris,75005,E,49.4,3053.64,207.0,2022-11-10,appartement,1970
DPE-00483,483 rue de Paris,75004,E,32.0,2542.09,223.1,2020-04-26,appartement,1888
DPE-00484,484 rue de Paris,75003,B,54.3,3461.57,321.1,2020-07-26,appartement,1930
DPE-00485,485 rue de Paris,75003,G,28.1,1497.89,346.4,2019-10-04,appartement,1851
DPE-00486,486 rue de Paris,75008,C,40.9,2820.63,235.6,2018-11-21,maison,1872
DPE-00487,487 rue de Paris,75003,E,63.4,1788.23,195.8,2020-09-04,maison,1851
DPE-00488,488 rue de Paris,75001,E,39.9,1619.3,83.8,2019-10-22,appartement,1854
DPE-00489,489 rue de Paris,75001,F,93.4,1178.8,316.8,2019-10-02,appartement,1876
DPE-00490,490 rue de Paris,75007,E,78.9,1001.06,302.4,2019-09-03,maison,1966
DPE-00491,491 rue de Paris,75006,D,108.8,3486.42,172.5,2023-01-21,maison,1941
DPE-00492,492 rue de Paris,75004,B,114.8,3254.62,188.9,2019-04-13,appartement,1883
DPE-00493,493 rue de Paris,75004,F,22.2,2013.9,113.3,2021-12-27,appartement,1946
DPE-00494,494 rue de Paris,75005,G,73.5,645.76,348.6,2021-09-17,appartement,2017
DPE-00495,495 rue de Paris,75001,A,89.0,1750.33,182.7,2021-01-25,maison,1971
DPE-00496,496 rue de Paris,75003,B,89.5,2390.93,161.3,2021-09-17,appartement,2019
DPE-00497,497 rue de Paris,75005,E,80.6,911.49,304.3,2018-08-03,appartement,1922
DPE-00498,498 rue de Paris,75002,G,30.6,1095.94,133.9,2019-06-23,appartement,1941
DPE-00499,499 rue de Paris,75007,C,36.0,2144.42,325.8,2021-11-10,maison,1934
